tender_title,buyer_name,bidder_name,tender_cpvs,tender_year,buyer_city,tender_finalprice,tender_recordedbidscount,tender_publications_firstcallfortenderdate,tender_biddeadline,tender_publications_firstdcontractawarddate,tender_proceduretype,tender_isawarded
C827: MAGOMBE - BORO (BORO -HAWINGA - SIDUNDO (SECTION 2),Kenya Rural Roads Authority,Mayco General Contractors And Supplies Company Limited,"99300000,",2021,Nairobi,2466160,1,2021-05-06,2021-06-14,2021-07-12,RESTRICTED,NA
Construction works for Gatanga Community Water Supply Project,Athi Water Service Board,Mutahi Engineering Services Limited,"450000007,",2020,Nairobi,NA,1,2020-02-17,2020-03-05,2020-05-11,OPEN,NA
PROVISION OF TRAINING SERVICES FOR WATER RESOURCES AUTHORITY STAFF AND STAKEHOLDERS,Water Resources Authority,Inspirations Management Consultants,"452310005,",2021,Nairobi,6000000,2,2021-04-12,2021-04-19,2021-05-02,RESTRICTED,NA
DEVELOPMENT OF GROUNDWATER SOURCES WITHIN AWWDA AREA – AF: LOT 2-Drilling and Equipping of 4 No. Boreholes and Construction of 4 No. Elevated Steel Water Tanks with Associated Water Distribution Networks,Athi Water Service Board,Spirit Mvs ( Proprietary ) Limited,"450000007,",2020,Nairobi,NA,1,2020-04-21,2020-05-05,2020-07-22,OPEN,NA
Spot Improvement of Orongo- Nyamware B (F6091) Road,Kenya Rural Roads Authority,Alfit Investment Limited,"452331419,",2021,Nairobi,2221014,1,2021-04-29,2021-05-12,2021-06-13,RESTRICTED,NA
"Nairobi City Regeneration Programme-LOT 1 Construction of CBD, Dagoretti and Karen Sewers",Athi Water Service Board,Elvi General Engineering And Supplies Limited,"450000007,",2020,Nairobi,214162646,9,2019-11-04,2019-11-27,2020-03-16,OPEN,NA
SUPPLY AND DELIVERY OF PRINTER TYPE 9,Ict And Innovation,Ptech Solutions Limited,"301000000,",2021,Nairobi,168000,1,2020-11-02,2020-11-17,2021-01-19,OPEN,NA
November/December 2020 Informercials,National Aids Control Council,Biblia Husema Broadcasting,"99200000,",2020,Nairobi,1000000,1,NA,2020-11-24,2020-11-24,DESIGN_CONTEST,NA
Routine maintenance and spot improvement works of G93691 Malaha-Khabondi-Nucleus Road,Kenya Rural Roads Authority,Timaka Enterprises Ltd,"452331419,",2021,Nairobi,3683257,1,2021-01-28,2021-02-15,2021-03-14,RESTRICTED,NA
Nairobi City Regeneration Programme-LOT 2 Construction of Eastlands Sewers,Athi Water Service Board,Nanline Co. Limited,"450000007,",2020,Nairobi,221424418,1,2019-11-04,2019-11-27,2020-01-26,OPEN,NA
Routine maintenance and spot improvement works of C638 Chimoi-Manda(CB Nandi)Road,Kenya Rural Roads Authority,Kantex General Trading Ltd,"452331419,",2021,Nairobi,2599792,6,2021-01-28,2021-02-15,2021-03-02,RESTRICTED,NA
Routine maintenance and spot improvement works of G93572 Lukongo-R.Kizama-Shiatoto Area Butende- Road,Kenya Rural Roads Authority,Sammonga Building & Construction Ltd,"452331419,",2021,Nairobi,5219561,1,2021-01-28,2021-02-15,2021-03-02,RESTRICTED,NA
CONSTRUCTION AND WIDENING OF DRAINAGE CULVERTS AT KOT AND RENOVATION OF SEWER LINE FROM KPRL ESTATE TO REFINERY ROAD,Kenya Petroleum Refineries Limited,Multisome Limited,"452331419,",2021,Mombasa,9650440,5,2021-04-07,2021-04-19,2021-04-27,RESTRICTED,NA
"SUPPLY AND DELIVERY 30,000 MT OF COAL",The East African Portland Cement Company,Coushin Holdings Limited,"99100000,",2021,Nairobi,2535000,2,2021-03-10,2021-03-10,2021-05-24,RESTRICTED,NA
"DRILLING, EQUIPPING AND CIVIL WORKS FOR OLMUSAKWA PRIMARY SCHOOL BOREHOLE WATER PROJECT IN NAROK COUNTY",Rift Valley Water Services Board,Waki Clearing & Forwarding Agents Limited,"452310005,",2021,Nairobi,7671013,15,2020-10-26,2020-11-18,2021-03-04,OPEN,NA
"DRILLING ,EQUIPPING AND CIVIL WORKS FOR KAPKIAMO BOREHOLE WATER PROJECT IN BARINGO COUNTY",Rift Valley Water Services Board,Maji Africa Ltd,"452310005,",2021,Nairobi,8506476,11,2021-01-11,2021-01-27,2021-05-26,OPEN,NA
SUPPLY AND REPLACEMENT OF SERVER INFRASTRUCTURE AND DATA MIGRATION,The East African Portland Cement Company,Telenet Solutions Ltd,"488000006,",2021,Nairobi,NA,1,2021-06-27,2021-07-11,2021-08-11,OPEN,NA
SUPPLY AND DELIVERY OF LAPTOP COMPUTER TYPE 10,Ict And Innovation,Computerways Ltd,"302000001,",2020,Nairobi,140213,1,2020-09-21,2020-10-06,2020-10-25,OPEN,NA
PROVISIONAL OF PROFESSIONAL CLEANING SERVICES,Independent Policing Oversight Authority,Jepco Services & Renovators Limited,"909100009,",2021,Nairobi,5732448,14,2021-01-25,2021-02-08,2021-04-13,OPEN,NA
CONSULTANCY SERVICES-TECHNICAL EXPERT LEGAL ADVISORY SERVICES,State Department Of Trade,Roselyn Amadi,"713000001,",2020,Nairobi,2205000,1,NA,2020-09-24,2020-07-27,NEGOTIATED_WITH_PUBLICATION,NA
"DRILLING ,EQUIPPING AND CIVIL WORKS FOR KARANGATHA HEALTH CENTRE BOREHOLE WATER PROJECT IN NYANDARUA COUNTY",Rift Valley Water Services Board,Export-hydro Pump And Services (africa) Ltd,"452310005,",2021,Nairobi,8095613,11,2021-01-11,2021-01-26,2021-04-12,OPEN,NA
CONSTRUCTION OF ILKAMANIKI DAM IN NAROK COUNTY,Rift Valley Water Services Board,Waki Clearing And Forwarding Limited,"450000007,",2021,Nairobi,NA,20,2021-01-11,2021-01-27,2021-05-25,OPEN,NA
THE PROPOSED REHABILITATION AND EXPANSION OF ANGAMA (OLKURRUK) AIRSTRIP – PHASE 1,Kenya Airport Authority,Ongata Works Limited,"99100000,",2021,Nairobi,NA,2,2021-05-03,2021-05-18,2021-06-13,OPEN,NA
"SUPPLY, INSTALLATION AND COMISSIONING OF FIRE ALARM SYSTEM AT PS 27 ELDORET.",Kenya Pipeline Company,Rimax Engineering &supplies Ltd,"316000002,",2021,Nairobi,NA,1,2021-01-11,2021-02-07,2021-03-28,OPEN,NA
C844: RABANGO - BAR KODHIAMBO (SECTION 1),Kenya Rural Roads Authority,Denovo Rengineering Limited,"99300000,",2021,Nairobi,2458620,1,2021-05-06,2021-06-14,2021-07-12,RESTRICTED,NA
TENDER FOR PROCUREMENT OF A MOTOR VEHICLE,Kenya Trade Network Agency,Toyota Kenya Ltd,"341000008,",2021,Nairobi,4690000,3,2021-02-01,2021-02-04,2021-03-16,RESTRICTED,NA
"DRILLING ,EQUIPPING AND CIVIL WORKS FOR TANGULBEI SUB-COUNTY REFERRAL HOSPITAL BOREHOLE WATER PROJECT IN BARINGO COUNTY",Rift Valley Water Services Board,Kongasis Investment Ltd,"452310005,",2021,Nairobi,8574830,10,2021-01-11,2021-01-27,2021-04-20,OPEN,NA
PROVISION OF GROUP PERSONAL ACCIDENT AND FOREIGN TRAVEL INSURANCE COVER FOR THE FINANCIAL YEAR 2020/2021,Ethics And Anti-corruption Commission,Geminia Insurance,"660000000,",2020,Nairobi,6480938,9,2020-08-03,2020-08-23,2020-09-02,OPEN,NA
Spot Improvement of Holo- Ekwanda (G93234) Road,Kenya Rural Roads Authority,Towerways Investments Limited,"452331419,",2021,Nairobi,7994700,1,2021-04-29,2021-05-12,2021-06-13,RESTRICTED,NA
PROVISION FOR MAINTENANCE OF CCTV AND DOOR ACCESS SYSTEM,National Hospital Insurance Fund,Intermass Technologies E.a Limited,"99300000,",2020,Nairobi,591261,1,2020-08-31,2020-09-17,2020-10-18,OPEN,NA
SUPPLY AND DELIVERY OF PRINTER TYPE 4,Ict And Innovation,Mfi Documents Solutions Limited,"301000000,",2020,Nairobi,499600,1,2020-11-02,2020-11-17,2020-12-07,OPEN,NA
G62206: BAR OLENGO - MALANGA (SECTION 2),Kenya Rural Roads Authority,Camwenda Company Limited,"99300000,",2021,Nairobi,2438784,1,2021-05-06,2021-06-14,2021-07-12,RESTRICTED,NA
PROVISION OF DEDICATED INTERNET CONNECTIVITY SERVICES,Independent Policing Oversight Authority,Liquid Telecommunication Kenya Limited,"720000005,",2021,Nairobi,1392696,4,2021-01-25,2021-02-08,2021-03-03,OPEN,NA
CONSTRUCTION OF WATER DISTRIBUTION WORKS FOR MALINDI WATER AND SEWERAGE COMPANY (MAWASCO)-WATAMU LOT 2A IN COAST WATER WORKS DEVELOPMENT AGENCY AREA,Athi Water Service Board,Suhufi Agencies Limited,"450000007,",2020,Nairobi,218650718,1,2020-01-13,2020-03-03,2020-04-26,OPEN,NA
Routine maintenance and spot improvement works of G92587 Iyala-Stand Muhogo Road,Kenya Rural Roads Authority,Villa 70 Limited,"452331419,",2021,Nairobi,2846988,1,2021-01-28,2021-02-15,2021-03-02,RESTRICTED,NA
Supply and delivery of paper sacks,Nyayo Tea Zones Develop Corporation,Bags & Balers (k) Ltd,"99300000,",2020,Nairobi,1600800,1,2020-04-27,2020-05-11,2020-08-09,OPEN,NA
PROVISION OF GROUP LIFE INSURANCE COVER TO KNBS STAFF,Kenya National Bureau Of Statistics,Geminia Insurance Company Limited,"660000000,",2021,Nairobi,2916789,9,2021-06-21,2021-07-05,2021-07-21,OPEN,NA
SUPPLY AND DELIVERY OF SMART BOARD TYPE 2,Ict And Innovation,Mahathi Infra East Africa Limited,"99100000,",2021,Nairobi,435067,1,2021-02-01,2021-02-16,2021-03-09,OPEN,NA
Construction of Mwiki & Clay Works Reticulation Sewers,Athi Water Service Board,Jiangxi Water & Hydropower Construction Kenya Limited,"450000007,",2021,Nairobi,1794140605,1,2020-08-10,2020-09-21,2021-01-11,OPEN,NA
PROVISION OF HP SERVER BACK TO BACK SUPPORT.,Competition Authority Of Kenya,Technology Associates East Africa Ltd,"488000006,",2021,Nairobi,2183020,1,2021-02-15,2021-03-01,2021-03-30,OPEN,NA
TENDER FOR ACQUISITION OF ANNUAL PARTNER SUPPORT FOR MICROSOFT DYNAMICS 365 CUSTOMER RELATIONSHIP MANAGEMENT (CRM) & AVAYA CONTACT CENTRE SOLUTIONS,Kenya Trade Network Agency,M/s Sybyl Kenya Ltd In Jv With Impax Business Solutions Ltd,"302000001,",2021,Nairobi,NA,2,2021-03-30,2021-04-15,2021-05-30,OPEN,NA
REQUEST FOR PROPOSAL FOR CONSULTANCY TO PROVIDE ACTURIAL SERVICES,National Hospital Insurance Fund,Kenbright Actuarial And Financial Services Limited,"99000000,",2021,Nairobi,40000000,1,2021-02-02,2021-02-16,2021-03-10,OPEN,NA
"Drilling and Equipping of 5No. boreholes, Construction of 24m3 elevated steel tanks and associated water distribution networks",Athi Water Service Board,Kiburu Enteprises Limited,"450000007,",2020,Nairobi,56300838,1,2020-04-01,2020-04-16,2020-05-03,OPEN,NA
F6081: MUR - MALANGA - ULOMA KODERO ECD (RIVER YALA – UPANDA - MATERA (SECTION 1),Kenya Rural Roads Authority,Regional Consmainter Limited,"99300000,",2021,Nairobi,2480521,1,2021-05-06,2021-06-14,2021-07-12,RESTRICTED,NA
Routine maintenance and spot improvement works of G93707 Khungwani Junct-Buchifi-Buchitu-Matawa Road,Kenya Rural Roads Authority,Lungu Building Contractors,"452331419,",2021,Nairobi,4059969,1,2021-01-28,2021-02-15,2021-03-02,RESTRICTED,NA
"Supply and Delivery of Motor Vehicles in 3 Lots for (Coast Water Works Development Agency, Water Resources Authority and Water Services Regulatory Board)",Athi Water Service Board,Isuzu East Africa Limited,"341000008,",2020,Nairobi,28513000,2,2020-05-11,2020-07-01,2020-08-05,OPEN,NA
SUPPLY AND DELIVERY OF UPS TYPE 9,Ict And Innovation,Copierforce Kenya Limited,"99100000,",2020,Nairobi,75674,1,2020-11-23,2020-12-08,2020-12-21,OPEN,NA
"TENDER FOR PROVISION OF CLEANING,GARBAGE COLLECTION,FACADE CLEANING AND FUMIGATION SERVICES",Tourism Fund,Liga Holdings Limited,"398000000,",2021,Nairobi,NA,10,2021-03-29,2021-04-13,2021-05-09,OPEN,NA
"DRILLING, EQUIPPING AND CIVIL WORKS FOR ABORETUM BOREHOLE WATER PROJECT IN NYANDARUA COUNTY",Rift Valley Water Services Board,Kiburu Enterprise Limited,"452310005,",2021,Nairobi,8746628,18,2020-10-26,2020-11-17,2021-03-04,OPEN,NA
Construction Works for Gatundu Water and Sanitation Project LOT 1: Gatundu Water and Sanitation Augmentation Works,Athi Water Service Board,Visrom Company Limited,"450000007,",2020,Nairobi,197443364,1,2020-04-28,2020-05-27,2020-06-03,OPEN,NA
PROVISION OF MAINTENANCE AND SUPPORT SERVICES OF THE BVR HARDWARE SERVER INFRASTRUCTURE,Independent Electoral And Boundaries Commission,Xrx Technologies Limited,"488000006,",2020,Nairobi,12540000,1,2020-09-15,2020-09-27,2020-10-26,OPEN,NA
Tender for Provision of Waste Oil Disposal Cleaning of Interceptors at National Oil Sites - Framework Contract,National Oil Corporation Of Kenya,Marine Waste Collection Dealers Limited,"398000000,",2021,Nairobi,1638185,2,2020-11-30,2020-12-13,2021-02-25,OPEN,NA
DRILLING AND EQUIPPING OF ONE (1) NO. OF BOREHOLE AND CONSTRUCTION OF ELEVATED STEEL TANK AT LUMBARWA,State Department Of Tourism & Wildlife,Export-hydro Pump& Services (africa)ltd,"450000007,",2020,Nairobi,7557743,6,2020-03-16,2020-03-30,2020-05-19,OPEN,NA
Spot Improvement of Kibos- Nyamasaria B (P297) Road,Kenya Rural Roads Authority,Rontech Logistics Limited,"452331419,",2021,Nairobi,1949463,1,2021-04-29,2021-05-12,2021-06-13,RESTRICTED,NA
"DRILLING ,EQUIPPING AND CIVIL WORKS FOR BONDENI SUB-COUNTY HOSPITAL BOREHOLE IN NAKURU COUNTY",Rift Valley Water Services Board,Kiburu Enterprises Ltd,"431000004,",2021,Nairobi,7780718,15,2021-01-11,2021-01-28,2021-05-12,OPEN,NA
TENDER FOR PROVISION OF SECURITY SERVICES AT NACC OFFICE HQS,National Aids Control Council,Catch Security Links Ltd,"797100004,",2021,Nairobi,1868400,6,2021-04-19,2021-05-04,2021-06-14,OPEN,NA
PROVISION OF COMPREHENSIVE MEDICAL AND INSURANCE COVER FOR STAFF AND BOARD OF DIRECTORS,Rift Valley Water Services Board,Madison General Insurance Kenya Lt,"660000000,",2020,Nairobi,9531950,10,2020-07-13,2020-07-27,2020-08-09,OPEN,NA
EQUIPPING AND CIVIL WORKS FOR AC OLKALOU PRIMARY SCHOOL BOREHOLE WATER PROJECT,Rift Valley Water Services Board,East Africa Aquatech Limited,"452310005,",2021,Nairobi,6786252,9,2021-02-01,2021-02-17,2021-04-19,OPEN,NA
PROVISION OF INCINERATION SERVICES AT KPRL,Kenya Petroleum Refineries Limited,Saimbot Ship's Contractors Ltd,"99000000,",2021,Mombasa,49840,2,2021-04-27,2021-05-06,2021-05-30,RESTRICTED,NA
SUPPLY AND DELIVERY OF LAPTOP COMPUTER TYPE 18,Ict And Innovation,Dignity Traders,"302000001,",2020,Nairobi,247000,1,2020-09-21,2020-10-06,2020-10-25,OPEN,NA
"PROCUREMENTS OF WORKS FOR DRILLING, EQUIPPING AND CIVIL WORKS FOR ECDE BOREHOLE WATER PROJECT IN NYANDARUA COUNTY",Rift Valley Water Services Board,Octagon Builders And General Suppliers Limited,"452310005,",2021,Nairobi,8569077,20,2020-10-25,2020-11-17,2021-03-04,OPEN,NA
Routine maintenance and spot improvement works of G93651 Rv.Ruwe-Buriya-Lukongo-Ywaya CB Road,Kenya Rural Roads Authority,Brounty Enterprises Ltd,"452331419,",2021,Nairobi,3309909,1,2021-01-28,2021-02-15,2021-03-02,RESTRICTED,NA
PREPARATION OF ENVIRONEMNENTAL & SOCIAL IMPACT ASSESSMENT FOR REHABILITATION & EXPANSION OF ANGAMA (OLKURRUK) AIRSTRIP - PHASE 1,Kenya Airport Authority,Aquaclean Services Limited,"336000006,",2021,Nairobi,4399596,2,2021-05-03,2021-05-03,2021-06-17,OPEN,NA
SUPPLY AND DELIVERY OF PRINTER TYPE 32,Ict And Innovation,Copierforce Kenya Limited,"301000000,",2021,Nairobi,464000,1,2021-02-01,2021-02-16,2021-03-22,OPEN,NA
"DRILLING ,EQUIPPING AND CIVIL WORKS FOR KIKOPEY HEALTH CENTRE BOREHOLE IN NAKURU COUNTY",Rift Valley Water Services Board,Kiburu Enterprises Ltd,"431000004,",2021,Nairobi,7834618,13,2021-01-11,2021-01-28,2021-04-12,OPEN,NA
OUTSOURCING OF CLEANING SERVICES,The East African Portland Cement Company,Greenshine Cleaners And General Services Limited,"909100009,",2021,Nairobi,9360000,1,2020-11-24,2020-12-10,2021-03-03,OPEN,NA
SUPPLY AND DELIVERY OF LAPTOP COMPUTER TYPE 11,Ict And Innovation,Computerways Ltd,"302000001,",2020,Nairobi,152273,1,2020-09-21,2020-10-06,2020-10-25,OPEN,NA
"TENDER FOR THE SUPPLY, INSTALLATION & TESTING OF SERVER ROOM MONITORING INSTRUMENTATION",Insurance Regulatory Authority,Specicom Technologies Limited,"488000006,",2021,Nairobi,362876,3,2021-05-20,2021-06-02,2021-06-09,OPEN,NA
Supply and Delivery of Lab Equipment for Coast Water Works Development Agency,Athi Water Service Board,Nariana Enterprises Limited,"452310005,",2020,Nairobi,24222040,8,2020-02-03,2020-03-17,2020-04-21,OPEN,NA
Routine maintenance and spot improvement works of E9118 Matunda-Kongoni-Nangili Road,Kenya Rural Roads Authority,Collonaire Construction Ltd,"452331419,",2021,Nairobi,3257280,1,2021-01-28,2021-02-15,2021-03-14,RESTRICTED,NA
PROVISION CONSULTANCY SERVICES TO CONDUCT A NATIONAL INSURANCE SURVEY ON TREATING CUSTOMERS FAIRLY,Insurance Regulatory Authority,Vas Consultants,"660000000,",2021,Nairobi,979040,4,2021-05-16,2021-05-24,2021-06-13,NEGOTIATED_WITH_PUBLICATION,NA
PROVISION OF MAINTENANCE/RENEWAL AND UPGRADING OF GEOLOGICAL AND GEOPHYSICAL SOFTWARES AS PER SPECIFICATIONS,State Department Of Petroleum,Esri Eastern Africa,"302000001,",2021,Nairobi,2946400,1,2021-05-10,2021-05-24,2021-06-07,OPEN,NA
SUPPLY AND DELIVERY OF UPS TYPE 2,Ict And Innovation,Copierforce Kenya Limited,"99100000,",2021,Nairobi,51490,1,2021-07-20,2021-07-20,2021-01-19,OPEN,NA
"PROVISION OF ICT SECURITY SOFTWARE LICENSES, MAINTENANCE AND SUPPORT SERVICES OF ICT SECURITY INFRASTRUCTURE.",Independent Electoral And Boundaries Commission,Xtranet Communications Limited,"797100004,",2020,Nairobi,26653400,1,2020-09-15,2020-09-24,2020-10-26,OPEN,NA
SUPPLY AND DELIVERY OF SMART BOARD TYPE 1,Ict And Innovation,Mahathi Infra East Africa Limited,"99100000,",2021,Nairobi,732658,1,2021-02-01,2021-02-16,2021-03-09,OPEN,NA
Construction Works for Gatundu Water and Sanitation Project LOT 2: Expansion of Gatundu Water Works,Athi Water Service Board,Visrom Company Limited,"450000007,",2020,Nairobi,280153401,1,2020-04-28,2020-05-27,2020-06-08,OPEN,NA
CONSTRUCTION WORKS FOR GATUNDU WATER AND SANITATION PROJECT LOT 4: DRILLING AND EQUIPPING OF GATUNDU BOREHOLES,Athi Water Service Board,Drill Rite Africa Limited,"450000007,",2020,Nairobi,61238383,1,2020-04-28,2020-05-27,2020-06-08,OPEN,NA
Provision of Motor Cycle Insurance Services (Insurance Brokers Only),Teachers Service Commission,Pelican Insurance Brokers,"660000000,",2021,Nairobi,1106036,1,2021-02-08,2021-02-23,2021-03-08,OPEN,NA
"PROVISION OF BULK SMS, SMS SHORT CODE AND USSD GATEWAY SERVICE",Kasneb,Centric Ltd.,"99000000,",2021,Nairobi,754000,1,2021-04-26,2021-05-10,2021-06-06,OPEN,NA
PROVISION OF MAINTENANCE OF MECHANICAL VENTILATION AT NHIF BUILDING CAR PARK,National Hospital Insurance Fund,Franks Refrigeration And Electrical Enterprises Limited,"99300000,",2020,Nairobi,1153852,1,2020-08-31,2020-09-16,2020-10-07,OPEN,NA
PROVISION OF BACK UP INTERNET SERVICES,Unclaimed Financial Assets Authority,Liquid Telecommunications (k) Ltd,"720000005,",2021,Nairobi,1280640,1,2021-04-26,2021-05-05,2021-05-30,OPEN,NA
TENDER FOR PROVISION OF MEDICAL INSURANCE SCHEME FOR KENYA FILM COMMISSION BOARD OF DIRECTORS AND STAFF,Kenya Film Commission,M/s Kenbright Insurance Brokers Ltd,"660000000,",2021,Nairobi,7520220,1,2021-04-22,2021-05-05,2021-06-14,OPEN,NA
"PROPOSED CONSTRUCTION OF ELDORET LAW COURTS, ELDORET MUNICIPALITY",The Judiciary,Top Choice Surveillance Ltd,"450000007,",2021,Nairobi,560831076,16,2021-03-11,2021-03-25,2021-04-21,OPEN,NA
TENDER DOCUMENT FOR SUPPLY AND DELIVERY OF NEW 2 BURNER LOW PRESSURE TABLE-TOP COOKER AS PER SPECIFICATIONS– THREE (3) YEARS FRAMEWORK CONTRACT,State Department Of Petroleum,Far East Connections Ltd,"99100000,",2021,Nairobi,77700000,1,2021-05-10,2021-06-01,2021-06-16,OPEN,NA
CONSULTANCY SERVICES-TECHNICAL EXPERT ECONOMIC ADVISORY SERVICES,State Department Of Trade,Benard Maganjo Kagira,"713000001,",2020,Nairobi,2520000,1,NA,2020-09-24,2020-07-27,NEGOTIATED_WITH_PUBLICATION,NA
Routine maintenance and spot improvement works of UNCL.4 Mumukhuyu-Shivakala,Kenya Rural Roads Authority,Samoto Engineering Limited,"452331419,",2021,Nairobi,2190428,1,2021-01-28,2021-02-15,2021-03-02,RESTRICTED,NA
SUPPLY AND DELIVERY OF PRINTER TYPE 8,Ict And Innovation,Mfi Documents Solutions Limited,"301000000,",2020,Nairobi,547300,1,2020-11-02,2020-11-17,2020-12-07,OPEN,NA
Routine maintenance and spot improvement works of G93647 Luwero-Acacia Tree-Shiatoto Area Road,Kenya Rural Roads Authority,Timaka Enterprises Ltd,"452331419,",2021,Nairobi,4601163,1,2021-01-28,2021-02-15,2021-03-02,RESTRICTED,NA
Katito- Magunga A(G63161) Road,Kenya Rural Roads Authority,Techpride Ventures Limited,"452331419,",2021,Nairobi,4170865,1,2021-04-29,2021-05-12,2021-06-13,RESTRICTED,NA
TENDER FOR THE PROVISION OF TELECOMMUNICATIONS CELLULAR MOBILE NETWORK INFRASTRUCTURE AND SERVICES IN THE UNSERVED AND UNDERSERVED AREAS OF KENYA - PHASE 2,Communications Authority Of Kenya,Safaricom Plc,"324000007,",2021,Nairobi,295044253,5,2020-05-28,2020-07-28,2021-10-20,OPEN,NA
"DRILLING, EQUIPPING AND CIVIL WORKS FOR KWARE BOREHOLE WATER PROJECT IN NYANDARUA COUNTY",Rift Valley Water Services Board,Export Hydro Pump And Services (africa) Limited,"452310005,",2021,Nairobi,8688835,16,2020-10-26,2020-11-17,2021-03-04,OPEN,NA
"PROVISION OF SOFTWARE LICENCES SUBSCRIPTION FOR CRM, IP TELEPHONY AND ENTERPRISE SECURITY (FORTINENT & TRENDMICRO); AND SLA FOR CRM AND IP TELEPHONY",National Hospital Insurance Fund,Konvergenz Network Solutions Limited,"797100004,",2020,Nairobi,NA,1,2020-02-03,2020-02-17,2020-04-02,OPEN,NA
SPOT IMPROVEMENT OF G82995 MILIMANI PRY YIAMO(LOIKAS DRIFT),Kenya Rural Roads Authority,Gujiland Enterprises Ltd,"99200000,",2021,Nairobi,3982152,4,2020-12-07,2020-12-22,2021-01-04,RESTRICTED,NA
DEVELOPMENT OF GROUNDWATER SOURCES WITHIN AWWDA AREA – AF: LOT 8-Construction of 8 No. Elevated Steel Water Tanks in AWWDA Area,Athi Water Service Board,David Engineering (k) Limited,"450000007,",2020,Nairobi,NA,1,2020-04-21,2020-05-05,2020-05-26,OPEN,NA
TENDER FOR SUPPLY OF FIRE AND RESCUE TRAINING EQUIPMENT,Kenya Pipeline Company,Planon Solutions Ltd,"800000004,",2021,Nairobi,24878226,1,2021-04-05,2021-04-19,2021-06-14,OPEN,NA
Supply and Delivery of Operational Vehicles for Nairobi City Water and Sewerage Company NaRSIP (PHASE II):,Athi Water Service Board,Isuzu East Africa Limited,"452310005,",2020,Nairobi,61891420,3,2020-05-11,2020-07-07,2020-08-03,OPEN,NA
Routine maintenance and spot improvement works of G92583 Stand Mandazi-Lwatingu Road,Kenya Rural Roads Authority,Skyport Logistics Ltd,"452331419,",2021,Nairobi,2853832,1,2021-01-28,2021-02-15,2021-03-02,RESTRICTED,NA
SUPPLY AND DELIVERY OF EMERGENCY SCENE FLOOD LIGHTING FOR FIRE STATION AT JOMO KENYATTA INTERNATIONAL AIRPORT,Kenya Airport Authority,Metajmacreative Solutions Limited,"316000002,",2020,Nairobi,8700000,1,2020-03-02,2020-03-18,2020-06-30,OPEN,NA
ROUTINE MAINTENANCE OF MARALAL-DB WEST,Kenya Rural Roads Authority,Gracemax Enterprises Ltd,"452331419,",2021,Nairobi,4767948,4,2020-12-07,2020-12-22,2021-01-04,RESTRICTED,NA
Spot Improvement of Mowlem-Ragumo (P238) Road,Kenya Rural Roads Authority,Jenda Ventures Limited,"452331419,",2021,Nairobi,2115394,1,2021-04-29,2021-05-12,2021-06-13,OPEN,NA
REPAIR OF WATER AND SANITATION SYSTEMS,Athi Water Service Board,Tamani Construction Co. Limited,"452310005,",2020,Nairobi,270642795,1,2020-06-01,2020-06-16,2020-07-19,OPEN,NA
SUPPLY OF TABLET,National Aids Control Council,Com Twenty One,"99100000,",2020,Nairobi,95725,1,2020-10-20,2020-10-20,2020-10-26,DPS_PURCHASE,NA
Routine maintenance and spot improvement works of D267 Malimili-Shinaa-River Isiukhu,Kenya Rural Roads Authority,Towerways Investment Limited,"452331419,",2021,Nairobi,2937932,1,2021-01-28,2021-02-15,2021-03-01,RESTRICTED,NA
"DRILLING ,EQUIPPING AND CIVIL WORKS FOR KOISARAM BOREHOLE WATER PROJECT IN BARINGO COUNTY",Rift Valley Water Services Board,East Africa Aquatech Ltd,"452310005,",2021,Nairobi,7520590,11,2021-01-11,2021-01-27,2021-05-25,OPEN,NA
Spot Improvement of Nyangoto-Mitando B(G63198) Road,Kenya Rural Roads Authority,Geometric Construction Co. Ltd,"452331419,",2021,Nairobi,3484611,1,2021-04-29,2021-05-12,2021-06-13,OPEN,NA
SUPPLY OF WINDOWS 10,National Aids Control Council,Eurocom Systems,"99100000,",2021,Nairobi,462000,1,NA,2021-03-28,2021-03-28,DPS_PURCHASE,NA
CONSULTANCY SERVICE FOR GAP ANALYSIS AND IMPLEMENTATION OF INFORMATION MANAGEMENT SYSTEMS,Kenya Pipeline Company,Sentinel Africa Consulting Ltd,"99200000,",2021,Nairobi,2958000,1,2021-01-11,2021-02-01,2021-03-29,OPEN,NA
"SUPPLY, IMPLEMENTATION, TRAINING AND COMMISSIONING OF A CLOUD-BASED LEARNING MANAGEMENT & E-LEARNING SYSTEM",Capital Markets Authority,Smartpeople Africa Limited,"800000004,",2021,Nairobi,2490000,11,2021-02-15,2021-03-02,2021-04-06,OPEN,NA
F6081: MUR - MALANGA - ULOMA KODERO ECD (RIVER YALA – UPANDA -MATERA (SECTION 2),Kenya Rural Roads Authority,Corigun International Limited,"99300000,",2021,Nairobi,2489244,1,2021-05-06,2021-06-14,2021-07-12,RESTRICTED,NA
"DRILLING AND CAPPING OF 3No. BOREHOLES AT MAJANI, MUGUONGO AND THIGIO PRIMARY SCHOOLS IN LAIKIPIA COUNTY",Rift Valley Water Services Board,Kiburu Enterprises Limited,"431000004,",2021,Nairobi,5889700,22,2020-10-26,2020-11-18,2021-03-14,OPEN,NA
Routine maintenance and spot improvement works of D1770 Chivorani-Kisia,Kenya Rural Roads Authority,Sesbania Ventures Ltd,"452331419,",2021,Nairobi,3431291,1,2021-01-28,2021-02-15,2021-03-02,RESTRICTED,NA
UPGRADE AND ENHANCEMENT OF MANAGE ENGINE SOLUTION,Ethics And Anti-corruption Commission,Computer Revolution Africa Ltd,"99200000,",2021,Nairobi,321695,1,2021-01-27,2021-02-07,2021-03-31,OPEN,NA
Consultancy to Undertake Customer Satisfaction Survey,Capital Markets Authority,Envag Associates (k) Limited.,"99000000,",2021,Nairobi,350000,7,2021-01-20,2021-02-15,2021-03-15,RESTRICTED,NA
Tender for Provision of Auctioneering Services - Framework Contract,National Oil Corporation Of Kenya,Galaxy Auctioneers,"99200000,",2021,Nairobi,80000,1,2021-01-28,2021-02-18,2021-03-21,OPEN,NA
Routine maintenance and spot improvement works of G93740 Mungungu-Shikondi Primary Road,Kenya Rural Roads Authority,Zahamu Traders Limited,"452331419,",2021,Nairobi,3000911,2,2021-01-28,2021-02-15,2021-03-01,RESTRICTED,NA
MUKURWEINI WATER SUPPLY PROJECT IN LAIKIPIA COUNTY,Rift Valley Water Services Board,Eden Homes Construction Limited,"452310005,",2021,Nairobi,NA,13,2021-02-01,2021-02-17,2021-05-23,OPEN,NA
"MOE&F/KMD/OT/008/2019-2020 FOR SUPPLY, DELIVERY, INSTALLATION AND COMMISSIONING OF IP PABX SYSTEM AT THE KENYA METEOROLOGICAL DEPARTMENT",Ministry Of Environment And Forestry,Intermass Technologies E.a Ltd.p.o.box 59242-00200 Nairobi,"99300000,",2020,Nairobi,NA,1,2020-03-30,2020-04-15,2020-06-21,OPEN,NA
"Drilling and Equipping of 5 No. boreholes, Construction of 24m3 elevated steel tanks and associated water distribution networks",Athi Water Service Board,Vajra Drill Limited,"450000007,",2020,Nairobi,59948275,1,2020-04-01,2020-04-16,2020-05-20,OPEN,NA
Proposed completion of double storey office block at Bomet for Teachers Service Commission,Teachers Service Commission,Algas Investors Limited,"99200000,",2021,Nairobi,37992532,1,2021-01-11,2021-01-27,2021-03-23,OPEN,NA
Routine maintenance and spot improvement works of G92707 Shipalo-Vikoshe Junction,Kenya Rural Roads Authority,Jon-nama Enterprises Limited,"452331419,",2021,Nairobi,3599248,1,2021-01-28,2021-02-15,2021-03-02,RESTRICTED,NA
G62206: BAR OLENGO - MALANGA (SECTION 1),Kenya Rural Roads Authority,Previol Enterprises Limited,"99300000,",2021,Nairobi,2446902,1,2021-05-06,2021-06-14,2021-07-12,RESTRICTED,NA
"Tender for Supply, Delivery, Installation, Commissioning, Testing and Maintenance of Geochemical and Petrophysical Laboratory Equipment at National Oil Corporation of Kenya",National Oil Corporation Of Kenya,Globe Corporation Bv,"330000000,",2021,Nairobi,NA,1,2020-08-24,2020-09-23,2021-03-31,OPEN,NA
CONSULTANCY SERVICES- COMMUNICATION SUPPORT,State Department Of Trade,Mashariki Communications Limited,"713000001,",2021,Nairobi,820800,1,2020-10-14,2020-11-04,2021-07-05,NEGOTIATED_WITH_PUBLICATION,NA
PROVISION OF GROUP MEDICAL INSURANCE COVER FOR BOARD MEMBERS & STAFF.,Competition Authority Of Kenya,Jubilee Insurance,"660000000,",2020,Nairobi,8000062,8,2020-09-14,2020-09-28,2020-10-15,OPEN,NA
Routine maintenance and spot improvement works of E1273 Nambacha-Navakholo Road,Kenya Rural Roads Authority,Wintob Enterprises Ltd,"452331419,",2021,Nairobi,2785334,1,2021-01-28,2021-02-15,2021-03-02,RESTRICTED,NA
Spot Improvement of Access to Uzima University(K11),Kenya Rural Roads Authority,Brechu Company Limited,"99300000,",2021,Nairobi,4382752,1,2021-04-29,2021-05-12,2021-06-13,RESTRICTED,NA
"TENDER FOR SUPPLY, DELIVERY AND INSTALLATION OF DATA ENCRYPTION SOFTWARE",Communications Authority Of Kenya,Prudmat Technologies,"302000001,",2020,Nairobi,23872800,1,2020-02-03,2020-02-25,2020-03-16,OPEN,NA
Supply and Delivery of Laboratory Equipment,Athi Water Service Board,Joh. Achelis & Sohne Gmbh,"330000000,",2020,Nairobi,29152197,11,2019-10-07,2019-11-20,2020-01-29,OPEN,NA
"DRILLING, EQUIPPING AND CIVIL WORKS FOR MWIHOTI BOREHOLE WATER PROJECT IN NYANDARUA COUNTY",Rift Valley Water Services Board,Polygon Star Limited,"452310005,",2021,Nairobi,8800272,14,2020-10-26,2020-11-17,2021-03-03,OPEN,NA
TENDER FOR PROVISION OF TUBULAR INSPECTION SERVICES,Geothermal Development Company,Quality Inspectors,"99300000,",2021,Nairobi,11402394,4,2020-09-28,2020-10-25,2021-01-18,OPEN,NA
ROUTINE MAINTENANCE OF C610 JUNC 604-KIRIMON,Kenya Rural Roads Authority,Two Percent Limited,"452331419,",2021,Nairobi,5162203,4,2020-12-07,2020-12-22,2021-01-04,RESTRICTED,NA
ROUTINE MAINTENANCE OF G83041 LKIRORITI-MGAMATA-NAIROBOKEJU,Kenya Rural Roads Authority,Masikita Enterprises Ltd,"452331419,",2021,Nairobi,2474396,4,2020-12-07,2020-12-22,2021-01-04,RESTRICTED,NA
DRILLING AND RELATED DATA COLLECTION EXPLORATORY/PRODUCTION BOREHOLES AT NJUMBI HIGH SCHOOL MURANG’A COUNTY AND DRILLING AND RELATED DATA COLLECTION EXPLORATORY/PRODUCTION BOREHOLES AT NUU BOYS SECONDARY SCHOOL KITUI COUNTY,Water Resources Authority,Regional Ventures Ltd,"431000004,",2020,Nairobi,11500000,4,2020-11-30,2020-12-07,2020-12-17,OPEN,NA
SELECTION OF A SHORT-TERM JUNIOR CONSULTANT TO DEVELOP VIDEO TEASERS FOR THE UPCOMING MAISHA HIV AND AIDS CONFERENCE,National Aids Control Council,Gram Media Limited,"551200007,",2021,Nairobi,499500,3,2021-05-18,2021-05-26,2021-06-02,NEGOTIATED_WITH_PUBLICATION,NA
Supply of condom dispenser,National Aids Control Council,Ronjam Enterprises,"336000006,",2021,Nairobi,976250,1,NA,2021-06-13,2021-06-13,RESTRICTED,NA
SUPPLY AND DELIVERY OF LAPTOP COMPUTER TYPE 9,Ict And Innovation,Computerways Ltd,"302000001,",2020,Nairobi,126531,1,2020-09-21,2020-10-06,2020-10-25,OPEN,NA
"DRILLING, EQUIPPING AND CIVIL WORKS FOR KIAMARIGA PRIMARY SCHOOL BOREHOLE WATER PROJECT IN LAIKIPIA COUNTY",Rift Valley Water Services Board,Premier Water Solutions Limited,"452310005,",2021,Nairobi,8420357,17,2020-10-26,2020-11-18,2021-03-04,OPEN,NA
"DRILLING, EQUIPPING AND CIVIL WORKS FOR KAIMBAGA DISPENSARY BOREHOLE WATER PROJECT IN NYANDARUA COUNTY",Rift Valley Water Services Board,Kiburu Enterprise Limited,"452310005,",2021,Nairobi,8622328,25,2020-10-26,2020-11-17,2021-03-04,OPEN,NA
PROPOSED CONSTRUCTION OF 40NO. ROW ROAD CROSSING PROTECTION WORKS AT LINE II KM 140-216,Kenya Pipeline Company,Hadistar Limited,"452331419,",2021,Nairobi,15810220,1,2021-03-15,2021-04-13,2021-06-06,OPEN,NA
Nairobi City Regeneration Programme: Construction of Kibera Water & Sanitation Project,Athi Water Service Board,Elvi General Engineering And Supplies Limited,"450000007,",2020,Nairobi,149928113,1,2020-02-17,2020-03-02,2020-05-13,OPEN,NA
"CONSULTANCY SERVICES- MEDIUM TERM NATIONAL TRADE NEGOTIATIONS PROGRAM, INSTITUTIONAL AND ORGANIZATIONAL FRAMEWORK AND RULES OF PROCEDURE",State Department Of Trade,Kithinji Kiragu,"713000001,",2020,Nairobi,1096200,1,NA,2020-09-24,2020-07-27,NEGOTIATED_WITH_PUBLICATION,NA
E6117: ULUDHI RIVER – KODIAGA,Kenya Rural Roads Authority,Minkoti Agencies Ltd,"99000000,",2021,Nairobi,2518859,2,2020-12-17,2021-01-04,2021-03-02,RESTRICTED,NA
Provision for proposed renovation works for Competition Authority of Kenya,Competition Authority Of Kenya,Belfast Engineering Works,"452000009,",2021,Nairobi,7389515,6,2001-02-03,2015-02-03,2021-05-03,RESTRICTED,NA
PROVISON OF GROUP PERSONAL ACCIDENT COVER AND WORK INJURY BENEFIT COVER FOR TSC COMMISSIONERS AND SECRETARIAT STAFF,Teachers Service Commission,The Heritage Insurance Company Limited,"336000006,",2020,Nairobi,23617916,1,2020-11-16,2020-12-01,2020-12-20,OPEN,NA
Spot Improvement of Bodi- Alwala B (G62410) Road,Kenya Rural Roads Authority,Sondavid Logistics Ltd,"452331419,",2021,Nairobi,3751808,1,2021-04-29,2021-05-12,2021-06-13,RESTRICTED,NA
TENDER FOR RENEWAL OF MANUFACTURER AND PARTNER SUPPORT FOR KENTRADE SERVER INFRASTRUCTURE (BLADE SYSTEM),Kenya Trade Network Agency,Pd Systems Ltd,"488000006,",2020,Nairobi,4650000,5,2020-10-14,2020-10-22,2020-11-12,OPEN,NA
"DRILLING, EQUIPPING AND CIVIL WORKS FOR CAPTAIN BOREHOLE WATER PROJECT IN NYANDARUA COUNTY",Rift Valley Water Services Board,Kiburu Enterprises Limited,"452310005,",2021,Nairobi,8600328,20,2020-10-26,2020-11-17,2021-03-04,OPEN,NA
C827: NZOIA - BORO,Kenya Rural Roads Authority,Nam Rajope Supplies & Services Ltd,"99200000,",2021,Nairobi,4131312,1,2020-12-17,2021-01-04,2021-03-02,RESTRICTED,NA
Spot Improvement of Korumba-Kawega(F6082) Road,Kenya Rural Roads Authority,Kadenge Enterprises Ltd,"452331419,",2021,Nairobi,4778118,1,2021-04-29,2021-05-12,2021-06-13,OPEN,NA
Nairobi City Regeneration Programme-LOT 3 Construction of Outering and Thika Road Sewers,Athi Water Service Board,Power And Solar Group Limited,"452331419,",2020,Nairobi,149533431,1,2019-11-04,2019-11-27,2020-02-02,OPEN,NA
Construction of Works for Makutano Water Supply and Sewerage Project,Athi Water Service Board,China Civil Engineering Construction Corporation (kenya) Limited,"450000007,",2020,Nairobi,689651517,1,2019-09-30,2019-11-18,2020-07-01,OPEN,NA
Spot Improvement of Kisian-Kaloka(K13) Road,Kenya Rural Roads Authority,Pamlischa Logistics Limited,"452331419,",2021,Nairobi,2195795,1,2021-04-29,2021-05-12,2021-06-13,OPEN,NA
Routine maintenance and spot improvement works of E9100 Bahai Jnct.-Kiliboti-Namisi Road,Kenya Rural Roads Authority,Nehian Construction Co. Ltd,"452331419,",2021,Nairobi,4524584,1,2021-01-28,2021-02-15,2021-03-02,RESTRICTED,NA
RFP FOR THE PROVISION OF COMPLIANCE AUDIT SERVICES TO AUDIT HOLDERS OF UNCLAIMED FINANCIAL ASSETS:,Unclaimed Financial Assets Authority,Kimotho & Assocites Cpa,"661710009,",2021,Nairobi,10875980,9,2020-11-16,2020-12-01,2021-06-16,OPEN,NA
"SUPPLY AND DELIVERY OF 100,000 LT OF DIESEL",The East African Portland Cement Company,Real Nak Source Procuments,"99100000,",2021,Nairobi,9875000,1,2021-07-01,2021-07-01,2021-06-15,RESTRICTED,NA
SUPPLY OF RE-INJECTION PUMPS,Kenya Pipeline Company,Abvennie Construction Limited,"421200006,",2021,Nairobi,NA,1,2021-01-11,2021-01-25,2021-03-29,OPEN,NA
"DRILLING, EQUIPPING AND CIVIL WORKS FOR UTUMISHI BOREHOLE WATER PROJECT IN NAKURU COUNTY",Rift Valley Water Services Board,East Africa Aquatech Ltd & Mshack Technical Services,"452310005,",2021,Nairobi,7311700,17,2020-10-26,2020-11-18,2021-03-14,OPEN,NA
"TENDER FOR PROVISION GENERAL INSURANCE SERVICES –GPA, GROUP LIFE AND WIBA",National Aids Control Council,Liason Group,"660000000,",2021,Nairobi,2420761,22,2021-04-19,2021-05-04,2021-06-14,OPEN,NA
"TENDER DOCUMENT FOR THE SUPPLY, INSTALLATION, CONFIGURATION AND COMMISSIONING OF ISP PRIMARY LINK AND POINT-TO-POINT LINK (CROSS-CONNECTION)",Competition Authority Of Kenya,Dimension Data Solutions East Africa Ltd,"722000007,",2021,Nairobi,1817730,3,2020-11-30,2020-12-14,2021-01-11,OPEN,NA
Routine maintenance and spot improvement works of G92855 Shikokho-Shitoli Road,Kenya Rural Roads Authority,Zenik Ventures Limited,"452331419,",2021,Nairobi,3819906,1,2021-01-28,2021-02-15,2021-03-14,RESTRICTED,NA
SUPPLY AND DELIVERY OF LAPTOP COMPUTER TYPE 3,Ict And Innovation,Dignity Traders,"302000001,",2020,Nairobi,228000,1,2020-09-21,2020-10-06,2020-10-25,OPEN,NA
Spot Improvement of Kibos-Angola-Rabuor(P238) Road,Kenya Rural Roads Authority,Afilo General Supplies Ltd,"452331419,",2021,Nairobi,2174994,1,2021-04-29,2021-05-12,2021-06-13,OPEN,NA
"DRILLING ,EQUIPPING AND CIVIL WORKS FOR MOGOTIO SUB-COUNTY REFERRAL HOSPITAL BOREHOLE WATER PROJECT IN BARINGO COUNTY",Rift Valley Water Services Board,Sokee Logistics Investment Limited,"452310005,",2021,Nairobi,7298750,19,2021-01-11,2021-01-27,2021-04-12,OPEN,NA
PROPOSED NANYUKI CIVIL AIRSTRIP REHABILITATION WORKS,Kenya Airport Authority,Kiu Construction Company,"99300000,",2020,Nairobi,329853680,1,2019-07-29,2019-08-15,2020-03-29,OPEN,NA
"TENDER FOR THE SUPPLY, INSTALLATION AND COMMISSIONING OF A PRIVILEDGED ACCESS MANAGEMENT (PAM) SOLUTION",Kenya Trade Network Agency,Revere Technologies Ltd,"99300000,",2021,Nairobi,7859000,8,2020-12-13,2021-01-14,2021-02-09,OPEN,NA
"PROVISION OF AUDIO-VISUAL TUTORIALS FOR ONLINE FILING OF MERGERS &ACQUISITIONS, ABUSE OF BUYER POWER, CONSUMER COMPLAINTS, EXEMPTION APPLICATIONS AND RESTRICTIVE TRADE PRACTICES COMPLAINTS",Competition Authority Of Kenya,Propel Visions Ltd,"302000001,",2021,Nairobi,2442000,3,2020-11-30,2020-12-21,2021-01-11,OPEN,NA
Augmentation of Water Supply Projects Within AWWDA Area of Jurisdiction- LOT 3 Murang'a County Community Water Supply Augmentation Project,Athi Water Service Board,Riang International Group Limited,"452310005,",2020,Nairobi,NA,1,2019-11-04,2019-11-26,2020-01-26,OPEN,NA
TENDER FOR IN-LINE INSPECTION OF 14-INCH NAIROBI-ELDORET (LINE-4) AND 10-INCH SINENDETKISUMU (LINE-6) MULTI-PRODUCT PIPELINES,Kenya Pipeline Company,Himilo Construction Jv Linscan Advanced,"452310005,",2021,Nairobi,NA,1,2021-01-18,2021-02-14,2021-04-05,OPEN,NA
"DRILLING ,EQUIPPING AND CIVIL WORKS FOR KABAZI HEALTH CENTRE BOREHOLE IN NAKURU COUNTY",Rift Valley Water Services Board,Hydroventures Ltd,"431000004,",2021,Nairobi,8052891,17,2021-01-11,2021-01-28,2021-04-12,OPEN,NA
"Configuration,Installation,Testing and Commissioning of an Enterprise Resource Planning (ERP) Solution for the Council",Kenya Leather Development Council,Dsl System & Solutions Limited,"722000007,",2021,Nairobi,NA,14,2021-05-10,2021-05-24,2021-06-27,OPEN,NA
LESHAU-KARAGOINI WATER PROJECT,Rift Valley Water Services Board,Gateweb Express Limited,"452310005,",2021,Nairobi,26035100,13,2021-02-01,2021-02-17,2021-04-07,OPEN,NA
SUPPLY AND DELIVERY OF PRINTER TYPE 35,Ict And Innovation,Mahathi Infra East Africa Ltd,"301000000,",2021,Nairobi,663346,1,2021-02-01,2021-02-16,2021-03-09,OPEN,NA
Routine maintenance and spot improvement works of D1554 Muriola-Lumini Pri.Musonye,Kenya Rural Roads Authority,Harris General Suppliers Ltd,"452331419,",2021,Nairobi,3661551,1,2021-01-28,2021-02-15,2021-03-14,RESTRICTED,NA
Routine maintenance and spot improvement works of G92154 Harambee Junct.-Fubuye Road,Kenya Rural Roads Authority,Joneah Investment Ltd,"452331419,",2021,Nairobi,2624848,1,2021-01-28,2021-02-15,2021-03-02,RESTRICTED,NA
"PROPOSED OFFICE PARTITIONING AND REFURBISHMENT WORKS TO EXISTING OFFICE SPACE ON 1ST FLOOR AT THE KENYA PORTS AUTHORITY, INLAND CONTAINER DEPOT NAIROBI (ICDN)",Kenya Trade Network Agency,Oliver k Ltd In Jv Top Choice Surveillance Ltd.,"99300000,",2021,Nairobi,13208340,10,2020-11-19,2020-11-29,2021-01-10,OPEN,NA
G61963: LIGINGO- ABOKE (LIGINGO-KAGONYA),Kenya Rural Roads Authority,Ferjone Contractors Ltd,"99300000,",2021,Nairobi,1866100,1,2021-05-06,2021-06-14,2021-07-12,RESTRICTED,NA
"DRILLING ,EQUIPPING AND CIVIL WORKS FOR SHAMATA HEALTH CENTRE BOREHOLE WATER PROJECT IN NYANDARUA COUNTY",Rift Valley Water Services Board,Kiburu Enterprises Ltd,"452310005,",2021,Nairobi,7834618,12,2021-01-11,2021-01-26,2021-04-12,OPEN,NA
DRILLING AND EQUIPPING OF ONE (1) NO. OF BOREHOLE AND CONSTRUCTION OF ELEVATED STEEL TANK AT MWAKISHINYI,State Department Of Tourism & Wildlife,Wotech Kenya Ltd,"450000007,",2020,Nairobi,9348119,11,2020-03-16,2020-03-30,2020-05-25,OPEN,NA
Spot Improvement of Katito- Magunga B (G63161) Road,Kenya Rural Roads Authority,Muhasa Construction Limited,"452331419,",2021,Nairobi,4076059,1,2021-04-29,2021-05-12,2021-06-13,RESTRICTED,NA
"SUPPLY, INSTALLATION, CONFIGURATION OF ANTIVIRUS SOFTWARE LICENSES (ENTERPRISE SOLUTIONS) AND RENEWAL OF SSL CERTIFICATES",Independent Electoral And Boundaries Commission,Dimension Data,"722000007,",2020,Nairobi,3212968,1,2020-09-15,2020-09-23,2020-10-15,OPEN,NA
SUPPLY AND DELIVERY OF PRINTER TYPE 27,Ict And Innovation,Copierforce Kenya Limited,"301000000,",2021,Nairobi,502906,1,2021-02-01,2021-02-16,2021-03-09,OPEN,NA
"DRILLING ,EQUIPPING AND CIVIL WORKS FOR KABARTONJO REFERRAL HOSPITAL BOREHOLE WATER PROJECT IN BARINGO COUNTY",Rift Valley Water Services Board,Tai Enterprises Limited,"452310005,",2021,Nairobi,8757782,10,2021-01-11,2021-01-27,2021-04-12,OPEN,NA
"SUPPLY INSTALLATION AND COMMISSIONING OF PUBLIC WIFI IN THE MAMA NGINA PUBLIC PARK MOMBASA,IP TELEPHONY,FIREWALL AND WAN AT THE KILINDINI CULTURAL CENTRE",Ict And Innovation,Soulco Kenya Limited,"316000002,",2020,Nairobi,21864470,1,2020-08-10,2020-09-01,2020-09-14,OPEN,NA
SUPPLY AND DELIVERY OF MICRO-SD CARDS - FRAMEWORK CONTRACT OF 3 YEARS.,Independent Electoral And Boundaries Commission,Kadcell Investments Limited,"223000003,",2021,Nairobi,NA,1,2021-01-20,2021-01-26,2021-02-07,OPEN,NA
ROUTINE MAINTENANCE OF MASIKITA-LATAKWANY-MILGILS RIVER-C605,Kenya Rural Roads Authority,Ngarramatt Contractors & General Supplies Ltd,"452331419,",2021,Nairobi,5086349,6,2021-01-14,2021-02-03,2021-02-18,RESTRICTED,NA
Spot Improvement of Muhoroni-Tamu(C677) Road,Kenya Rural Roads Authority,Ambe General Merchants Limited,"452331419,",2021,Nairobi,3494966,1,2021-04-29,2021-05-12,2021-06-13,OPEN,NA
ROUTINE MAINTENANCE OF WAMBA-SWARI-C607,Kenya Rural Roads Authority,Mt. Kulal Contractors Ltd,"452331419,",2021,Nairobi,6996946,7,2021-01-14,2021-02-03,2021-02-18,RESTRICTED,NA
PROVISION OF COMPREHENSIVE INSURANCE FOR MOTOR VEHICLE FOR A PERIOD OF ONE YEAR FROM DATE OF CONTRACT,National Industrial Training Authority,Geminia Insurance Company Limited,"660000000,",2021,Nairobi,2202949,14,2021-01-18,2021-02-02,2021-03-02,OPEN,NA
PROVISION OF STAFF MEDICAL COVER 2020-2021,Independent Policing Oversight Authority,Cic Group Insuranc Limited,"330000000,",2021,Nairobi,58682263,12,2021-04-19,2021-05-10,2021-06-07,OPEN,NA
"PROPOSED CONSTRUCTION OF MERU LAW COURTS, MERU MUNICIPALITY",The Judiciary,Newspace Creators Ltd,"450000007,",2021,Nairobi,637517045,12,2021-03-11,2021-04-05,2021-05-06,OPEN,NA
SUPPLY AND DELIVERY OF ASSORTED ICT EQUIPMENTS AND MACHINES FOR BOUNDARIES DELIMITATION- FRAMEWORK CONTRACT OF 3 YEARS.,Independent Electoral And Boundaries Commission,Trunex Limited,"302000001,",2021,Nairobi,10418000,1,2020-12-23,2021-01-05,2021-01-31,OPEN,NA
"Supply and Installation of Microsoft Licenses, Support and Maintenance",Independent Electoral And Boundaries Commission,Computer Revolution Africa Limited,"302000001,",2020,Nairobi,NA,1,2020-06-11,2020-06-25,2020-07-08,OPEN,NA
"DRILLING, EQUIPPING AND CIVIL WORKS FOR TWENTY-TWO TANK SITE BOREHOLE WATER PROJECT IN NYANDARUA COUNTY",Rift Valley Water Services Board,Octagon Builders Limited,"452310005,",2021,Nairobi,8569077,17,2020-10-26,2020-11-17,2021-03-04,OPEN,NA
"DRILLING, EQUIPPING AND CIVIL WORKS FOR NYAMBUGI BOREHOLE WATER PROJECT IN NYANDARUA COUNTY",Rift Valley Water Services Board,Chamgaa Investments,"452310005,",2021,Nairobi,9353861,13,2020-10-26,2020-11-17,2021-03-04,OPEN,NA
TENDER FOR PROVISION OF GENERAL INSURANCE SERVICES-ASSETS,National Aids Control Council,Modern Insurance Brokers Limited,"660000000,",2021,Nairobi,5020282,31,2021-04-19,2021-05-04,2021-06-14,OPEN,NA
Routine maintenance and spot improvement works of G92860 Naliava Pri.-Imuliru Pri Road,Kenya Rural Roads Authority,Lexbert Enterprises Ltd,"452331419,",2021,Nairobi,2036875,1,2021-01-28,2021-02-15,2021-03-14,RESTRICTED,NA
DEVELOPMENT OF GROUNDWATER SOURCES WITHIN AWWDA AREA – AF:LOT 4- Drilling and Equipping of 7 No. Boreholes and Construction of 4 No. Elevated Steel Water Tanks with Associated Water Distribution Networks,Athi Water Service Board,Bavko Engineering (k) Limited,"450000007,",2020,Nairobi,NA,1,2020-04-21,2020-05-05,2020-05-26,OPEN,NA
"NAIROBI RIVERS SEWERAGE IMPROVEMENT PROGRAM (PHASE II): Construction of Kahawa West, Githurai 44 & 45 and Kahawa Sukari reticulation Sewers - LOT 2",Athi Water Service Board,Shaanxi Water Resources & Hydropower Engineering Group Company Limited,"450000007,",2021,Nairobi,2154077997,1,2020-04-27,2020-06-29,2021-01-13,OPEN,NA
SUPPLY AND DELIVERY OF LAPTOP COMPUTER TYPE 14,Ict And Innovation,Dignity Traders,"302000001,",2020,Nairobi,149000,1,2020-09-21,2020-10-06,2020-10-25,OPEN,NA
SUPPLY AND DELIVERY OF PRINTER TYPE 28,Ict And Innovation,Finton Logistics Limited,"301000000,",2021,Nairobi,60050,1,2021-02-01,2021-02-16,2021-03-09,OPEN,NA
SUPPLY AND DELIVERY OF UPS TYPE 4,Ict And Innovation,Finton Logistics Limited,"99100000,",2020,Nairobi,37000,1,2020-11-23,2020-12-08,2020-12-20,OPEN,NA
DEVELOPMENT OF GROUNDWATER SOURCES WITHIN AWWDA AREA – AF: LOT 6 - Drilling and Equipping of 2 No. Boreholes and Construction of 6 No. Elevated Steel Water Tanks with Associated Water Distribution Networks,Athi Water Service Board,Turn-o-metal Engineers Limited,"450000007,",2020,Nairobi,NA,1,2020-04-21,2020-05-05,2020-05-19,OPEN,NA
C844: RABANGO - BAR KODHIAMBO (SECTION 2),Kenya Rural Roads Authority,Serengeti Engineering Works Limited,"99300000,",2021,Nairobi,2486692,1,2021-05-06,2021-06-14,2021-07-12,RESTRICTED,NA
EQUIPPING AND CIVIL WORKS FOR OLKALOU INDUSTRIAL PARK BOREHOLE WATER PROJECT,Rift Valley Water Services Board,East Africa Aquatech Drilling Limited,"452310005,",2021,Nairobi,10606365,13,2021-02-01,2021-02-17,2021-04-19,OPEN,NA
PROVISION OF MEDICAL INSURANCE COVER TO KNBS STAFF,Kenya National Bureau Of Statistics,Aar Insurance Kenya Limited,"660000000,",2021,Nairobi,79899999,13,2021-06-21,2021-07-05,2021-07-21,OPEN,NA
CONSTRUCTION OF 8NO. 225M3 MASONRY TANKS FOR UMANDE WARD WATER SUPPLY PROJECTS IN LAIKIPIA COUNTY,Rift Valley Water Services Board,Josfirm Engineering And Construction Company Limited,"450000007,",2021,Nairobi,NA,13,2021-01-11,2021-01-27,2021-05-23,OPEN,NA
Routine maintenance and spot improvement works of D1771 Fafaro-Soysambu-Lugulu Road,Kenya Rural Roads Authority,Ketegi Enterprises Ltd,"452331419,",2021,Nairobi,4270509,1,2021-01-28,2021-02-15,2021-03-14,RESTRICTED,NA
Routine maintenance and spot improvement works of G92588 Ejinja Kona-Munzeywe Road,Kenya Rural Roads Authority,Sichirai Holdings Ltd,"452331419,",2021,Nairobi,3051498,1,2021-01-28,2021-02-15,2021-03-02,RESTRICTED,NA
Routine maintenance and spot improvement works of G92602 Shibuli-Mulele Road,Kenya Rural Roads Authority,Victorsville Company Ltd,"452331419,",2021,Nairobi,3737752,3,2021-01-28,2021-02-15,2021-03-02,RESTRICTED,NA
PROVISION FOR ASSET VALUATION,The East African Portland Cement Company,Knight Frank Valuers,"99000000,",2021,Nairobi,4137931,1,2021-08-01,2021-08-10,2021-09-01,RESTRICTED,NA
DEVELOPMENT OF GROUNDWATER SOURCES WITHIN AWWDA AREA – AF: LOT 1-Drilling and Equipping of 6 No. Boreholes and Construction of 3 No. Elevated Steel Water Tanks with Associated Water Distribution Networks,Athi Water Service Board,Export-hydro Pump And Services (africa) Limited,"450000007,",2020,Nairobi,NA,1,2020-04-21,2020-05-05,2020-07-16,OPEN,NA
E6087: NDIRA- BAR OBER (NDIRA-KAMNARA SEC-ABOM),Kenya Rural Roads Authority,Jenda Ventures Limited,"99300000,",2021,Nairobi,2936540,1,2021-05-06,2021-06-14,2021-07-12,RESTRICTED,NA
Supply and Delivery of 4 No. Vacuum Exhauster Trucks for Nairobi City Water and Sewerage Company NaRSIP (PHASE II),Athi Water Service Board,Joh. Achelis & Sohne Gmbh,"452310005,",2020,Nairobi,NA,7,2020-05-11,2020-07-12,2020-08-19,OPEN,NA
MAINTENANCE SERVICES AND SOFTWARE LICENSE RENEWAL FOR CRITICAL DATA CENTRE SYSTEMS,Kenya Pipeline Company,Dimension Data Solutions Limited,"302000001,",2021,Nairobi,NA,2,2021-01-11,2021-02-02,2021-04-08,OPEN,NA
PROVISION OF EMAIL AND WEB HOSTING SERVICES,Independent Policing Oversight Authority,Dimensions Data Solutions Aest Africa Limited,"99200000,",2021,Nairobi,2053200,1,2021-01-25,2021-02-08,2021-03-07,OPEN,NA
SUPPLY AND DELIVERY OF CONFERENCE CHAIRS-IFMIS NO.849725,Ethics And Anti-corruption Commission,M/s Victoria Furnitures Limited,"551200007,",2021,Nairobi,1440000,4,2021-03-08,2021-03-15,2021-03-24,OPEN,NA
PROVISION OF WASTE MANAGEMENT SERVICES AT MOI INTERNATIONAL AIRPORT,Kenya Airport Authority,Virgin Clean Limited,"99200000,",2021,Nairobi,161559,1,2021-03-15,2021-03-30,2021-05-16,OPEN,NA
"C838: REPAIR, BACKFILLING AND PROTECTION WORKS AT MIHO ALONG NDORI - OWIMBI",Kenya Rural Roads Authority,Keraracon General Services Limited,"99300000,",2021,Nairobi,5523374,1,2021-05-06,2021-06-14,2021-07-12,RESTRICTED,NA
"DRILLING, EQUIPPING AND CIVIL WORKS FOR KIGANJO BOREHOLE WATER PROJECT IN NYANDARUA COUNTY",Rift Valley Water Services Board,Export Hydro-pump And Services (africa) Limited,"452310005,",2021,Nairobi,8657485,16,2020-10-26,2020-11-17,2021-03-04,OPEN,NA
PROVISION OF PROCUREMENT TRAINING SERVICES FOR A PERIOD OF THREE YEARS (FRAMEWORK CONTRACT),Independent Electoral And Boundaries Commission,p & h Procurement Consultants Limited,"800000004,",2020,Nairobi,475000,1,2020-09-15,2020-09-22,2020-10-18,OPEN,NA
"TENDER FOR RENOVATION WORKS OF KPRL COTTAGES LOCATED AT KURUWITU, VIPINGO.",Kenya Petroleum Refineries Limited,Damon Investment Limited,"452000009,",2021,Mombasa,5322428,4,2021-04-26,2021-05-06,2021-05-18,RESTRICTED,NA
PROPOSED MAINTENANCE OF E.P.A.B.X. & TELEPHONE SYSTEM FOR THE NATIONAL TREASURY AND MINISTRY OF PLANNING AT THE NATIONAL TREASURY BUILDING –NAIROBI,The National Treasury,Geolea Enterprises Ltd,"99300000,",2020,Nairobi,4895540,4,2020-11-04,2020-11-15,2020-12-15,OPEN,NA
Procurement of Laptops for BPI Programme,National Aids Control Council,Computerways Limited,"302000001,",2020,Nairobi,881300,1,NA,2020-05-21,2020-05-21,DPS_PURCHASE,NA
Routine maintenance and spot improvement works of E1779 Mayoyo-Ofusa-Maturu Poly Road,Kenya Rural Roads Authority,Sanion Niqel Limited,"452331419,",2021,Nairobi,4674142,1,2021-01-28,2021-02-15,2021-03-02,RESTRICTED,NA
ROUTINE MAINTENANCE OF MARALAL-LOOSUK-LOLMOLOG-C609,Kenya Rural Roads Authority,Saimen Enterprises Ltd,"452331419,",2021,Nairobi,5526891,2,2021-01-14,2021-02-03,2021-02-18,RESTRICTED,NA
Routine maintenance and spot improvement works of E9123 Wabuge-River Nzoia Road,Kenya Rural Roads Authority,Vinbeth Enterprises Limited,"452331419,",2021,Nairobi,3002660,1,2021-01-28,2021-02-15,2021-03-14,RESTRICTED,NA
Supply and Delivery of 11 No. Trucks for Nairobi City Water and Sewerage Company NaRSIP (PHASE II),Athi Water Service Board,Isuzu East Africa Limited,"452310005,",2020,Nairobi,67755156,6,2020-05-11,2020-07-06,2020-08-05,OPEN,NA
SUPPLY OF DIESEL ENGINE DRIVEN WELDING GENERATORS,Kenya Pipeline Company,Stags Limited,"99200000,",2021,Nairobi,7970685,1,2021-01-11,2021-01-26,2021-03-25,OPEN,NA
Routine maintenance and spot improvement works of E9104 Itumbu-Kona Mbaya-Musembe Road,Kenya Rural Roads Authority,Matungu General Enterprises Ltd,"452331419,",2021,Nairobi,5572120,1,2021-01-28,2021-02-15,2021-03-02,RESTRICTED,NA
PROVISION OF SECURITY SERVICES AT ITARE DAM,Rift Valley Water Services Board,Bedrock Security Services Limited,"797100004,",2021,Nairobi,30661920,7,2021-02-22,2021-03-16,2021-06-23,OPEN,NA
SUPPLY AND DELIVERY OF UPS TYPE 14,Ict And Innovation,Copierforce Kenya Limited,"99100000,",2020,Nairobi,84505,1,2020-11-23,2020-12-08,2020-12-21,OPEN,NA
"DRILLING, EQUIPPING AND CIVIL WORKS FOR KIO PRIMARY SCHOOL BOREHOLE WATER PROJECT IN LAIKIPIA COUNTY",Rift Valley Water Services Board,Transcend Engineering Limited,"452310005,",2021,Nairobi,7699450,19,2020-10-26,2020-11-18,2021-03-14,OPEN,NA
ROUTINE MAINTENANCE OF JUNCTION A4 -MASIKITA-C605,Kenya Rural Roads Authority,Masikita Enterprises Ltd,"452331419,",2021,Nairobi,5279773,4,2021-01-14,2021-02-03,2021-02-18,RESTRICTED,NA
ROUTINE MAINTENANCE OFA2 ARCHERSPOST-E822 LOSESIA,Kenya Rural Roads Authority,Royal Pride Consultium Ltd,"452331419,",2021,Nairobi,4864489,4,2020-12-07,2020-12-22,2021-01-04,RESTRICTED,NA
Routine maintenance and spot improvement works of C785 Samitsi-Malava Road,Kenya Rural Roads Authority,Tencons Builders Ltd,"452331419,",2021,Nairobi,4622484,1,2021-01-28,2021-02-15,2021-03-02,RESTRICTED,NA
C827: MAGOMBE - BORO (BORO-HAWINGA- SIDUNDO (SECTION 1),Kenya Rural Roads Authority,Antco Investments Ltd,"99300000,",2021,Nairobi,2472308,1,2021-05-06,2021-06-14,2021-07-12,RESTRICTED,NA
SUPPLY AND DELIVERY OF PRINTER TYPE 29,Ict And Innovation,Copierforce Kenya Limited,"301000000,",2021,Nairobi,56098,1,2021-02-01,2021-02-16,2021-03-09,OPEN,NA
"PROVISION FOR SUPPORT AND MAINTENANCE - CASE MANAGEMENT SYSTEM, ICT HELPDESK SYSTEM, SHAREPOINT SERVER, COMPETITION E-FILING AND ICT HELPDESK PORTALS",Competition Authority Of Kenya,Dsl (dynasoft Solutions Ltd),"302000001,",2021,Nairobi,1545321,5,2021-04-12,2021-04-27,2021-05-25,OPEN,NA
"Provision of Service for repair, maintenance and servicing of VHF Radio system for Teachers Service Commission Headquarters at TSC House",Teachers Service Commission,Synergies Company Limited,"99200000,",2021,Nairobi,780000,1,2021-01-18,2021-02-03,2021-03-11,OPEN,NA
PROPOSED CONSTRUCTION OF WARD OFFICE -BOGICHORA,County Assembly Of Nyamira,Mbotoonya Construction And General Serviced Limited,"450000007,",2021,Nyamira,6252125,1,2021-03-04,2021-03-18,2021-04-29,OPEN,NA
SUPPLY OF PRINTERS,National Aids Control Council,Shonitel Limited,"301000000,",2020,Nairobi,441801,1,2021-07-12,2021-07-12,2020-10-26,DPS_PURCHASE,NA
PROVISION OF SSL CERTIFICATES FOR ICT AUTHORITY,Ict Authority,Xtranet Communications Limited,"302000001,",2020,Nairobi,1927812,2,2020-05-12,2020-06-11,2020-07-13,RESTRICTED,NA
Routine maintenance and spot improvement works of G93670-Shikulu Junct.-Epanja( Loop) Road,Kenya Rural Roads Authority,Western Cross Express Co. Ltd,"452331419,",2021,Nairobi,3204732,1,2021-01-28,2021-02-15,2021-03-14,RESTRICTED,NA
PROPOSED COMPLETION OF EMBU LAW COURTS,The Judiciary,Quadd Limited,"99200000,",2021,Nairobi,44859360,20,2021-02-21,2021-03-07,2021-04-14,OPEN,NA
TENDER FOR SUPPLY OF MATERIAL FOR MODIFICATION OF TRUCK LOADING SYSTEM IN NAKURU DEPOT,Kenya Pipeline Company,The Arc General Dealers (k) Ltd,"99200000,",2021,Nairobi,NA,2,2021-01-18,2021-02-09,2021-04-05,OPEN,NA
Nairobi City Water Distribution Network Modifications Project : Supply and Delivery of Consumer Water Meters,Athi Water Service Board,Hydrostandard Kenya Limited,"452310005,",2021,Nairobi,39922800,1,2020-06-01,2020-07-19,2021-01-19,OPEN,NA
ROUTINE MAINTENANCE OF G83018- BEES ACADEMY-LEDORO PRY-(DRIFT),Kenya Rural Roads Authority,Nabore Limited,"452331419,",2021,Nairobi,3969288,4,2020-12-07,2020-12-22,2021-01-04,RESTRICTED,NA
SUPPLY AND DELIVERY OF PRINTER TYPE 34,Ict And Innovation,Xrx Technologies Limited,"301000000,",2021,Nairobi,498986,1,2021-02-01,2021-02-16,2021-03-09,OPEN,NA
Provision Of Cleaning Services At Kisumu International Airport,Kenya Airport Authority,All & Sundry Services,"909100009,",2021,Nairobi,1778331,1,2021-03-15,2021-04-05,2021-06-21,OPEN,NA
Consultancy Services for Design Review and Supervision of Works for Rehabilitation and Expansion of Dandora Estate Waste Water Treatment Plant,Athi Water Service Board,Interconsult Engineers Limited,"713000001,",2021,Nairobi,69198000,1,2020-08-10,2020-08-26,2021-02-09,OPEN,NA
Construction Works for Rehabilitation and Expansion of Dandora Estate Sewerage Treatment Plant (Re-Advertisement),Athi Water Service Board,Fatah Construction & Civil Works Limited,"450000007,",2020,Nairobi,NA,1,2020-07-27,2020-09-03,2020-10-04,OPEN,NA
Spot Improvement of Ngere-Kagoro(G63238) Road,Kenya Rural Roads Authority,Alfit Investment Limited,"452331419,",2021,Nairobi,4031783,1,2021-04-29,2021-05-12,2021-06-13,OPEN,NA
E6116: TING WANGI - NYANGOMA (ACHAE RACH - NYANGOMA),Kenya Rural Roads Authority,Equalizer Contractors Ltd,"99300000,",2021,Nairobi,4966157,1,2021-05-06,2021-06-14,2021-07-12,RESTRICTED,NA
Spot Improvement of Nyangoto-Mitando A(G63198) Road,Kenya Rural Roads Authority,Lufix Agencies Ltd,"452331419,",2021,Nairobi,3500115,1,2021-04-29,2021-05-12,2021-06-13,OPEN,NA
SUPPLY AND DELIVERY OF LAPTOP COMPUTER TYPE 19,Ict And Innovation,Computerways Ltd,"302000001,",2020,Nairobi,326895,1,2020-09-21,2020-10-06,2020-10-25,OPEN,NA
Spot Improvement of Kisian-Rota(P78) Road,Kenya Rural Roads Authority,Selinascope Ventures Limited,"452331419,",2021,Nairobi,2107140,1,2021-04-29,2021-05-12,2021-06-13,OPEN,NA
"Supply, Delivery, Installation, and Commissioning of Laboratory Equipment for Nairobi City Water and Sewerage Company NaRSIP (PHASE II)",Athi Water Service Board,f & s Scientific Limited,"330000000,",2020,Nairobi,26666300,6,2020-05-11,2020-07-02,2020-07-21,OPEN,NA
"DRILLING, EQUIPPING AND CIVIL WORKS FOR JM VILLAGE BOREHOLE WATER PROJECT IN NYANDARUA COUNTY",Rift Valley Water Services Board,Kiburu Enterprises Limited,"452310005,",2021,Nairobi,8600328,21,2020-10-26,2020-11-17,2021-03-04,OPEN,NA
G62018: RANGALA - GOT OSIMBO,Kenya Rural Roads Authority,Mayco General Contractors Ltd,"99200000,",2021,Nairobi,2210423,1,2020-12-17,2021-01-04,2021-03-02,RESTRICTED,NA
REQUEST FOR PROPOSAL FOR PROVISION OF CONSULTANCY SERVICES TO CONDUCT GOVERNANCE AUDIT,Insurance Regulatory Authority,Wanjiru Kinyanjui Advocates Llp,"713000001,",2021,Nairobi,1360680,5,2021-05-16,2021-05-25,2021-06-13,NEGOTIATED_WITH_PUBLICATION,NA
Supply and Delivery of Primary Packaging materials,Nyayo Tea Zones Develop Corporation,Bobmil Industries Limeted,"99100000,",2021,Nairobi,2303470,2,2021-04-22,2021-05-06,2021-05-27,RESTRICTED,NA
Routine maintenance and spot improvement works of E9206 Mukhweya Junct.-Mukananach Road,Kenya Rural Roads Authority,Dennar Limited,"452331419,",2021,Nairobi,3398568,1,2021-01-28,2021-02-15,2021-03-01,RESTRICTED,NA
Spot Improvement of Tido-Mbeme(P325) Road,Kenya Rural Roads Authority,Kogal Multiworks Limited,"452331419,",2021,Nairobi,1870625,1,2021-04-29,2021-05-12,2021-06-13,OPEN,NA
Provision of Group Life Assurance for TSC Commissioners and Secretariat Staff (Re-advertisement),Teachers Service Commission,Absa Life Assurance Kenya Limited,"99200000,",2021,Nairobi,19685364,1,2021-02-08,2021-02-23,2021-04-08,OPEN,NA
Supply and Delivery of 2 No. Vehicle Mounted Sewer Flushing Unit for Nairobi City Water and Sewerage Company NaRSIP (PHASE II):,Athi Water Service Board,Joh. Achelis & Sohne Gmbh,"452310005,",2020,Nairobi,NA,6,2020-05-11,2020-07-09,2020-07-23,OPEN,NA
"ERECTION OF BOUNDARY FENCE AND CONSTRUCTION OF GUARD HOUSE AT THE KPRL ESTATE IN CHANGAMWE, MOMBASA.",Kenya Petroleum Refineries Limited,Dela Enterprises,"450000007,",2021,Mombasa,5475153,8,2021-03-08,2021-03-18,2021-03-31,RESTRICTED,NA
"TENDER DOCUMENT FOR SUPPLY, DELIVERY, TESTING AND COMMISSIONING OF GEOLOGICAL EQUIPMENT AS PER SPECIFICATION",State Department Of Petroleum,Geoscintex,"99100000,",2021,Nairobi,22500000,1,2021-05-10,2021-05-24,2021-06-13,OPEN,NA
Tender for Provision of Group Life & GPA/WIBA Insurance - Underwriters Only (Framework Contract) (Re-advertisement),National Oil Corporation Of Kenya,Madison General Insurance Kenya Limited,"660000000,",2021,Nairobi,5623575,2,2021-04-25,2021-05-03,2021-05-23,OPEN,NA
SUPPLY OF NETWORK SWITCHES,Kenya Pipeline Company,Agile Business Solutions Limited,"324000007,",2021,Nairobi,NA,1,2021-01-11,2021-01-25,2021-03-08,OPEN,NA
SUPPLY AND DELIVERY OF PRINTER TYPE 33,Ict And Innovation,Xrx Technologies Limited,"301000000,",2021,Nairobi,498986,1,2021-02-01,2021-02-16,2021-03-09,OPEN,NA
CONSTRUCTION WORKS FOR GATUNDU WATER AND SANITATION PROJECT LOT 3: GATUNDU GROUND WATER EXPLOITATION PROJECT,Athi Water Service Board,Drill Rite Africa Limited,"450000007,",2020,Nairobi,54632385,1,2020-04-28,2020-05-27,2020-06-09,OPEN,NA
Augmentation of Water Supply Projects Within AWWDA Area of Jurisdiction- LOT 2 Kiambu County Community Water Supply Augmentation Project,Athi Water Service Board,Joycot General Contractor Limited,"452310005,",2020,Nairobi,379033196,1,2019-11-04,2019-11-26,2020-02-03,OPEN,NA
PROPOSED CONSTRUCTION OF CARGO PROCESSING FACILITY AT ISIOLO AIRPORT,Kenya Airport Authority,Reliance City Housing Company Ltd,"450000007,",2020,Nairobi,NA,1,2020-08-24,2020-09-07,2020-10-07,OPEN,NA
"TENDER DOCUMENT FOR SMALL WORKS OFFICE FIT OUT WORKS AT PACIS CENTRE, WESTLANDS NAIROBI",Unclaimed Financial Assets Authority,Apache Ltd,"99100000,",2021,Nairobi,14103645,1,2021-05-25,2021-06-03,2021-06-13,OPEN,NA
DEVELOPMENT OF GROUNDWATER SOURCES WITHIN AWWDA AREA – AF-LOT 5 - Drilling and Equipping of 8 No. Boreholes and Construction of 4 No. Elevated Steel Water Tanks with Associated Water Distribution Networks,Athi Water Service Board,Export-hydro Pump And Services (africa) Limited,"450000007,",2020,Nairobi,NA,1,2020-04-21,2020-05-05,2020-05-17,OPEN,NA
DRILLING AND EQUIPPING OF ONE (1) NO. OF BOREHOLE AND CONSTRUCTION OF ELEVATED STEEL TANK AT MWAKTAU,State Department Of Tourism & Wildlife,Wotech Kenya Ltd,"450000007,",2020,Nairobi,15016843,10,2020-03-16,2020-03-30,2020-05-19,OPEN,NA
Tender for Provision of Alucobond Branding & Signage Works at National Oil Corporation Service Stations - Framework Contract,National Oil Corporation Of Kenya,Signs Manufacturers Kenya Limited,"99200000,",2021,Nairobi,5981830,1,2021-01-28,2021-02-11,2021-03-07,OPEN,NA
"SUPPLY, DELIVERY, DESIGN, INSTALLATION, CONFIGURATION & COMMISSIONING OF GATEWAY ROUTER- RE-ADVERTISEMENT",Ict Authority,Soulco Kenya Limited,"722000007,",2021,Nairobi,15763010,4,2021-03-04,2021-03-15,2021-04-21,OPEN,NA
MAINTENANCE AND REPAIR OF TELEPHONE EQUIPMENT,National Hospital Insurance Fund,Africom And Data Solutions Limited,"99200000,",2021,Nairobi,3152000,1,2021-02-02,2021-02-16,2021-03-08,OPEN,NA
Routine maintenance and spot improvement works of G62142 St.John-Emungabo Road,Kenya Rural Roads Authority,Sammonga Building & Contractors Ltd,"452331419,",2021,Nairobi,4111898,1,2021-01-28,2021-02-15,2021-03-14,RESTRICTED,NA
Upgrade of ICT Systems for Nairobi City Water and Sewerage Company Limited,Athi Water Service Board,Next Technologies Limited,"452310005,",2020,Nairobi,NA,2,2020-06-01,2020-07-21,2020-08-06,OPEN,NA
"SUPPLY, INSTALLATION, CONFIGURATION, TRAINING AND COMMISSIONING OF MAPPING SOFTWARE LICENSES. -FRAMEWORK CONTRACT FOR 3 YEARS.",Independent Electoral And Boundaries Commission,Tritek Consulting Limited,"722000007,",2021,Nairobi,15312000,1,2020-12-23,2021-01-05,2021-01-28,OPEN,NA
CONSULTANCY SERVICES-TECHNICAL EXPERT MULTILATERAL TRADE ADVISORY SERVICES,State Department Of Trade,Nelson Mwangi Ndirangu,"713000001,",2020,Nairobi,2205000,1,NA,2020-09-24,2020-07-27,NEGOTIATED_WITH_PUBLICATION,NA
"DRILLING ,EQUIPPING AND CIVIL WORKS FOR OLOI BOR SOITO BOREHOLE WATER PROJECT IN NAROK COUNTY",Rift Valley Water Services Board,East Africa Aquatech Drilling Ltd,"452310005,",2021,Nairobi,7362410,13,2021-01-11,2021-01-27,2021-05-23,OPEN,NA
"DRILLING AND ASSOCIATED DATA COLLECTION BOREHOLE AT BANGALI WITHIN TANA RIVER COUNTY LOT -1 AND DRILLING AND ASSOCIATED DATA COLLECTION FOR AN EXPLORATORY BOREHOLE AT ENDEMBESS, TRANS NZOIA COUNTY LOT -2",Water Resources Authority,Export Hydro Pumps,"431000004,",2020,Nairobi,5126000,3,2020-07-29,2020-08-05,2020-08-31,RESTRICTED,NA
Supply and Delivery of Sewer Maintenance Equipment (Re-Advertisement),Athi Water Service Board,Joh. Achelis & Sohne Gmbh,"99300000,",2020,Nairobi,NA,1,2020-05-04,2020-07-01,2020-08-19,OPEN,NA
PROPOSED CONSTRUCTION OF WARD OFFICE -MANGA,County Assembly Of Nyamira,Sadelyx Suppliers Limited,"450000007,",2021,Nyamira,6723646,1,2021-03-04,2021-03-18,2021-04-29,OPEN,NA
SPOT IMPROVEMENT OF G83014 MARALAL-TAMIYOI ROAD( SWAMP/STREEM),Kenya Rural Roads Authority,Hanif Limited,"452331419,",2021,Nairobi,3998977,4,2020-12-07,2020-12-22,2021-01-04,RESTRICTED,NA
Supply and Delivery of Motor Fuel and lubricants,Nyayo Tea Zones Develop Corporation,Vivo Energy Kenya,"341000008,",2021,Nairobi,1044600,2,2018-08-27,2018-09-10,2021-04-06,OPEN,NA
"TENDER DOCUMENT FOR PROVISION FOR SYSTEMS MAINTENANCE AND SUPPORT - CASE MANAGEMENT, ERP, SHAREPOINT AND ASSOCIATED PORTALS",Competition Authority Of Kenya,Dynasoft Solutions Limited- Dsl,"99200000,",2021,Nairobi,605000,4,2021-02-15,2021-03-01,2021-03-30,OPEN,NA
SUPPLY AND DELIVERY OF PRINTER TYPE 6,Ict And Innovation,Mfi Documents Solutions Limited,"301000000,",2020,Nairobi,579500,1,2020-11-02,2020-11-17,2020-12-07,OPEN,NA
PROVISION OF LIVESTREAMING SERVICES,National Aids Control Council,Light Art,"99200000,",2021,Nairobi,2000000,4,2021-05-11,2021-05-26,2021-05-30,OPEN,NA
PROCUREMENT OF FULL DAY CONFERENCE PACKAGE & HALF BOARD ACCOMMODATION,Ethics And Anti-corruption Commission,M/s English Point Marina & Spa Mombasa,"551200007,",2021,Nairobi,2482500,6,2021-06-06,2021-06-07,2021-06-14,OPEN,NA
TENDER FOR PROVISION OF CLEANING AND GENERAL FUMIGATION SERVICES OF CA OFFICES AT CA CENTRE AND KAHAWA STATION IN NAIROBI,Communications Authority Of Kenya,Ice Clean Care Group Limited,"398000000,",2021,Nairobi,31320000,1,2021-02-08,2021-03-02,2021-03-29,OPEN,NA
Spot Improvement of Mamboleo-Riat(K11) Road,Kenya Rural Roads Authority,Filani Engineering Works Limited,"452331419,",2021,Nairobi,1849782,1,2021-04-29,2021-05-12,2021-06-13,OPEN,NA
Drilling and Equipping of 10 No. boreholes and Laying of associated water distribution networks,Athi Water Service Board,Vajra Drill Limited,"452310005,",2020,Nairobi,87465517,1,2020-04-01,2020-04-16,2020-05-03,OPEN,NA
Spot Improvements of Kibos- Kunya- Tido B(P257) Road,Kenya Rural Roads Authority,Cybex Electrical Contractors Limited,"452331419,",2021,Nairobi,2104440,1,2021-04-29,2021-08-16,2021-06-13,RESTRICTED,NA
Routine maintenance and spot improvement works of G62107 Dudi-Nyamboga Road,Kenya Rural Roads Authority,Mwana Mulai Enterprises Ltd,"452331419,",2021,Nairobi,3017160,1,2021-01-28,2021-02-15,2021-03-14,RESTRICTED,NA
"MAINTENANCE WORKS ON TANK-115 AT KPRL,CHANGAMWE MOMBASA.",Kenya Petroleum Refineries Limited,Zaisco Construction & Engineering Limited,"99100000,",2021,Mombasa,23478400,4,2021-02-01,2021-02-17,2021-03-11,OPEN,NA
"DRILLING, EQUIPPING AND CIVIL WORKS FOR MITETA PRIMARY SCHOOL BOREHOLE WATER PROJECT IN LAIKIPIA COUNTY",Rift Valley Water Services Board,Transcend Engineering Limited,"452310005,",2021,Nairobi,7427210,17,2020-10-26,2020-11-18,2021-05-14,OPEN,NA
SUPPLY AND DELIVERY OF PRINTER TYPE 2,Ict And Innovation,Mfi Document Solutions Limited,"301000000,",2020,Nairobi,989800,1,2020-11-02,2020-11-17,2020-12-07,OPEN,NA
"DRILLING ,EQUIPPING AND CIVIL WORKS FOR KIPKAECH (NGETMOI) DISPENSARY BOREHOLE WATER PROJECT IN BARINGO COUNTY",Rift Valley Water Services Board,Widescope Construction Limited,"452310005,",2021,Nairobi,8715124,16,2021-01-11,2021-01-27,2021-04-12,OPEN,NA
DEVELOPMENT OF GROUNDWATER SOURCES WITHIN AWWDA AREA – AF: LOT 7-Drilling and Equipping of 10 No. Boreholes and Construction of Associated Water Distribution Networks,Athi Water Service Board,Export-hydro Pump And Services (africa) Limited,"450000007,",2020,Nairobi,NA,1,2020-04-21,2020-05-05,2020-07-09,OPEN,NA
REQUEST FOR PROPOSAL:FOR PROVISION OF CONSULTANCY SERVICES FOR DEVELOPING SUBSIDIARY LEGISLATION ON CODE OF CONDUCT AND CONDUCT FOR DOING BUSINESS FOR THE NATIONAL CLIMATE CHANGE COUNCIL AND STAFF UNDER THE CLIMATE CHANGE ACT (2016),Ministry Of Environment And Forestry,M/s Muma And Kanjama Advocates p o Box 528-00100 Nairobi,"713000001,",2020,Nairobi,1600000,1,2020-08-03,2020-08-24,2020-10-04,OPEN,NA
Provision of General Asset Insurance Policy Cover,Nairobi Centre For International Arbitration,Busam Insurance Brokers Ltd,"660000000,",2021,Nairobi,728784,3,2021-04-27,2021-05-12,2021-05-23,OPEN,NA
"SUPPLY, DELIVERY AND INSTALLATION OF INTERNET AND WIRELESS LOCAL AREA NETWORK SERVICES",The Judiciary,Commcarrier Satelite Services Ltd,"324000007,",2021,Nairobi,NA,5,2021-02-14,2021-02-28,2021-03-25,OPEN,NA
PROVISION OF COMPREHENSIVE CLEANING AND FUMIGATION SERVICES FOR UNCLAIMED FINANCIAL ASSETS AUTHORITY,Unclaimed Financial Assets Authority,Cheshire Cleaning Services,"398000000,",2021,Nairobi,696360,2,2021-04-26,2021-05-05,2021-05-30,OPEN,NA
Routine maintenance and spot improvement works of G93390 Ebukanga-Mushitsaba Road,Kenya Rural Roads Authority,Superstruct Company Ltd,"452331419,",2021,Nairobi,3030500,1,2021-01-28,2021-02-15,2021-03-14,RESTRICTED,NA
